{
  "23": [
    [
      204.8468604311087,
      -8.45482288778116,
      -30.0
    ],
    [
      107.24210513169598,
      160.6013351446205,
      -30.0
    ]
  ],
  "53": [
    [
      101.95599360661926,
      172.4646331303054,
      -30.0
    ],
    [
      212.47772094117036,
      -18.96438090209922,
      -30.0
    ]
  ],
  "55": [
    [
      221.4240741554456,
      -13.298077800574424,
      -30.0
    ],
    [
      111.33632707619545,
      177.37926473312973,
      -30.0
    ]
  ],
  "56": [
    [
      105.07884594916499,
      185.8469958229927,
      -30.0
    ],
    [
      225.62861081243094,
      -22.951043877730186,
      -30.0
    ]
  ]
}