{

  "48": [
    [
      185.12894079579033,
      -41.3539571967596,
      -30.0
    ]
  ],
  "49": [
    [
      199.52135108158183,
      -58.922231082392905,
      -30.0
    ]
  ],
  "50": [
    [
      201.8335256376349,
      -60.872389070608165,
      -30.0
    ]
  ],
  "51": [
    [
      200.0828772803075,
      -46.55963757926743,
      -30.0
    ]
  ],
  "52": [
    [
      208.34240565860688,
      -66.81058453755236,
      -30.0
    ]
  ],
  "53": [
    [
      205.8918604750928,
      -40.66553533175534,
      -30.0
    ]
  ],
  "54": [
    [
      213.48619137861832,
      -52.39464784224176,
      -30.0
    ]
  ],
  "55": [
    [
      221.13583080544208,
      -57.87531315564823,
      -30.0
    ]
  ],
  "57": [
    [
      230.74407771509107,
      -69.74471839570369,
      -30.0
    ]
  ],
  "58": [
    [
      255.4623986564392,
      -124.70337497457136,
      -30.0
    ],
    [
      210.35105141439908,
      15.36228577636965,
      -30.0
    ]
  ],
  "60": [
    [
      263.80386528747357,
      -134.23092287557066,
      -30.0
    ],
    [
      211.0313703708733,
      19.210565910618097,
      -30.0
    ]
  ]
}